pos_x,pos_y,rotation,side,designator,mpn,pack,footprint,value,mount_type
112.25,-120.19,180.0,top,C16,,,C_0603_1608Metric,100nF,smt
140.593724,-71.022833,0.0,top,C3,,,C_0603_1608Metric,100nF,smt
99.2,-118.89,90.0,top,C36,,,C_0603_1608Metric,100nF,smt
93.61,-118.07,90.0,top,C39,,,C_0603_1608Metric,100nF,smt
97.393724,-70.222833,0.0,top,C4,,,C_0603_1608Metric,100nF,smt
121.45,-119.27,90.0,top,C40,,,C_0603_1608Metric,100nF,smt
125.14,-63.29,180.0,top,C41,,,C_0603_1608Metric,100nF,smt
121.55,-103.7,0.0,top,C42,,,C_0603_1608Metric,100nF,smt
126.22,-90.56,180.0,top,C43,,,C_0603_1608Metric,100nF,smt
125.093724,-76.622833,180.0,top,C44,,,C_0603_1608Metric,100nF,smt
151.493724,-92.522833,0.0,top,C45,,,C_0603_1608Metric,100nF,smt
151.293724,-50.522833,0.0,top,C46,,,C_0603_1608Metric,100nF,smt
151.293724,-64.622833,0.0,top,C47,,,C_0603_1608Metric,100nF,smt
151.293724,-78.722833,0.0,top,C48,,,C_0603_1608Metric,100nF,smt
144.47,-111.48,90.0,top,C49,,,C_0603_1608Metric,100nF,smt
94.02,-129.84,-90.0,top,C50,,,C_0603_1608Metric,100nF,smt
81.959895,-62.454856,180.0,top,C51,,,C_0603_1608Metric,100nF,smt
78.45,-103.67,0.0,top,C52,,,C_0603_1608Metric,100nF,smt
81.973852,-90.543458,180.0,top,C53,,,C_0603_1608Metric,100nF,smt
81.959895,-76.554856,180.0,top,C54,,,C_0603_1608Metric,100nF,smt
108.359895,-92.454856,0.0,top,C55,,,C_0603_1608Metric,100nF,smt
108.159895,-50.454856,0.0,top,C56,,,C_0603_1608Metric,100nF,smt
108.159895,-64.554856,0.0,top,C57,,,C_0603_1608Metric,100nF,smt
108.159895,-78.654856,0.0,top,C58,,,C_0603_1608Metric,100nF,smt
132.33,-117.67,-90.0,top,C59,,,C_0603_1608Metric,100nF,smt
78.172857,-134.0625,90.0,top,D10,,,LED_0805_2012Metric,LED,smt
80.148571,-134.0625,90.0,top,D11,,,LED_0805_2012Metric,LED,smt
82.124286,-134.0625,90.0,top,D12,,,LED_0805_2012Metric,LED,smt
84.1,-134.0625,90.0,top,D13,,,LED_0805_2012Metric,LED,smt
86.075714,-134.0625,90.0,top,D14,,,LED_0805_2012Metric,LED,smt
88.051428,-134.0625,90.0,top,D15,,,LED_0805_2012Metric,LED,smt
90.027143,-134.0625,90.0,top,D16,,,LED_0805_2012Metric,LED,smt
140.284286,-130.3625,90.0,top,D17,,,LED_0805_2012Metric,LED,smt
137.522857,-130.3625,90.0,top,D18,,,LED_0805_2012Metric,LED,smt
134.761429,-130.3625,90.0,top,D19,,,LED_0805_2012Metric,LED,smt
132.0,-130.3625,90.0,top,D20,,,LED_0805_2012Metric,LED,smt
129.238572,-130.3625,90.0,top,D21,,,LED_0805_2012Metric,LED,smt
126.477143,-130.3625,90.0,top,D22,,,LED_0805_2012Metric,LED,smt
123.715715,-130.3625,90.0,top,D23,,,LED_0805_2012Metric,LED,smt
120.954286,-130.3625,90.0,top,D24,,,LED_0805_2012Metric,LED,smt
143.015,-130.3025,90.0,top,D25,,,LED_0805_2012Metric,LED,smt
145.776429,-130.3025,90.0,top,D26,,,LED_0805_2012Metric,LED,smt
148.537857,-130.3025,90.0,top,D27,,,LED_0805_2012Metric,LED,smt
151.299286,-130.3025,90.0,top,D28,,,LED_0805_2012Metric,LED,smt
154.060714,-130.3025,90.0,top,D29,,,LED_0805_2012Metric,LED,smt
156.822143,-130.3025,90.0,top,D30,,,LED_0805_2012Metric,LED,smt
159.583571,-130.3025,90.0,top,D31,,,LED_0805_2012Metric,LED,smt
162.345,-130.3025,90.0,top,D32,,,LED_0805_2012Metric,LED,smt
171.0,-128.595,0.0,top,D33,,,LED_0805_2012Metric,LED,smt
171.0,-125.538333,0.0,top,D34,,,LED_0805_2012Metric,LED,smt
171.0,-122.481667,0.0,top,D35,,,LED_0805_2012Metric,LED,smt
168.9625,-65.09,180.0,top,D36,,,LED_0805_2012Metric,LED,smt
168.9625,-62.961428,180.0,top,D37,,,LED_0805_2012Metric,LED,smt
168.9625,-60.2,180.0,top,D38,,,LED_0805_2012Metric,LED,smt
168.9625,-57.438571,180.0,top,D39,,,LED_0805_2012Metric,LED,smt
92.002857,-134.0625,90.0,top,D4,,,LED_0805_2012Metric,LED,smt
168.9625,-54.677143,180.0,top,D40,,,LED_0805_2012Metric,LED,smt
168.9625,-51.915714,180.0,top,D41,,,LED_0805_2012Metric,LED,smt
168.9625,-49.154286,180.0,top,D42,,,LED_0805_2012Metric,LED,smt
168.9725,-46.417857,180.0,top,D43,,,LED_0805_2012Metric,LED,smt
168.9625,-88.758571,180.0,top,D44,,,LED_0805_2012Metric,LED,smt
168.9625,-85.997142,180.0,top,D45,,,LED_0805_2012Metric,LED,smt
168.9625,-83.235714,180.0,top,D46,,,LED_0805_2012Metric,LED,smt
168.9625,-80.474285,180.0,top,D47,,,LED_0805_2012Metric,LED,smt
168.9625,-77.712857,180.0,top,D48,,,LED_0805_2012Metric,LED,smt
168.9625,-74.951428,180.0,top,D49,,,LED_0805_2012Metric,LED,smt
168.9625,-72.19,180.0,top,D50,,,LED_0805_2012Metric,LED,smt
168.9625,-69.428571,180.0,top,D51,,,LED_0805_2012Metric,LED,smt
168.9625,-111.808571,180.0,top,D52,,,LED_0805_2012Metric,LED,smt
168.9625,-109.047142,180.0,top,D53,,,LED_0805_2012Metric,LED,smt
168.9625,-106.285714,180.0,top,D54,,,LED_0805_2012Metric,LED,smt
168.9625,-103.524285,180.0,top,D55,,,LED_0805_2012Metric,LED,smt
168.9625,-100.762857,180.0,top,D56,,,LED_0805_2012Metric,LED,smt
168.9625,-98.001428,180.0,top,D57,,,LED_0805_2012Metric,LED,smt
168.9625,-95.24,180.0,top,D58,,,LED_0805_2012Metric,LED,smt
168.9625,-92.478571,180.0,top,D59,,,LED_0805_2012Metric,LED,smt
118.250953,-130.3625,90.0,top,D60,,,LED_0805_2012Metric,LED,smt
115.489524,-130.3625,90.0,top,D61,,,LED_0805_2012Metric,LED,smt
112.728096,-130.3625,90.0,top,D62,,,LED_0805_2012Metric,LED,smt
109.966667,-130.3625,90.0,top,D63,,,LED_0805_2012Metric,LED,smt
107.205239,-130.3625,90.0,top,D64,,,LED_0805_2012Metric,LED,smt
104.44381,-130.3625,90.0,top,D65,,,LED_0805_2012Metric,LED,smt
101.682382,-130.3625,90.0,top,D66,,,LED_0805_2012Metric,LED,smt
98.920953,-130.3625,90.0,top,D67,,,LED_0805_2012Metric,LED,smt
171.0,-119.425,0.0,top,D68,,,LED_0805_2012Metric,LED,smt
98.1,-52.7,-90.0,top,D69,,,LED_0805_2012Metric,LED,smt
96.0,-52.7,-90.0,top,D70,,,LED_0805_2012Metric,LED,smt
93.9,-52.7,-90.0,top,D71,,,LED_0805_2012Metric,LED,smt
78.0,-45.2,90.0,top,J10,,,PinHeader_1x04_P2.54mm_Vertical,Conn_01x04_Pin,tht
165.2,-120.2,0.0,top,J11,,,PinHeader_1x04_P2.54mm_Vertical,Conn_01x04_Pin,tht
117.503333,-126.72,-90.0,top,J12,,,PinHeader_1x08_P2.54mm_Vertical,Conn_01x08_Pin,tht
143.79,-126.72,90.0,top,J15,,,PinHeader_1x08_P2.54mm_Vertical,Conn_01x08_Pin,tht
139.536666,-126.72,-90.0,top,J16,,,PinHeader_1x08_P2.54mm_Vertical,Conn_01x08_Pin,tht
77.55,-108.78,0.0,top,J17,,,PinHeader_1x08_P2.54mm_Vertical,Conn_01x08_Pin,tht
165.35,-111.16,180.0,top,J5,,,PinHeader_1x08_P2.54mm_Vertical,Conn_01x08_Pin,tht
165.35,-88.11,180.0,top,J6,,,PinHeader_1x08_P2.54mm_Vertical,Conn_01x08_Pin,tht
165.35,-65.06,180.0,top,J7,,,PinHeader_1x08_P2.54mm_Vertical,Conn_01x08_Pin,tht
163.0,-133.2,180.0,bottom,RN1,,,R_Array_SIP9,R_Network08,tht
168.115,-127.875,90.0,bottom,RN10,,,R_Array_SIP4,R_Network03,tht
119.16,-133.2,0.0,bottom,RN2,,,R_Array_SIP9,R_Network08,tht
95.58,-133.2,0.0,bottom,RN3,,,R_Array_SIP9,R_Network08,tht
171.5,-113.7,90.0,bottom,RN4,,,R_Array_SIP9,R_Network08,tht
171.5,-90.0,90.0,bottom,RN5,,,R_Array_SIP9,R_Network08,tht
171.5,-45.3,-90.0,bottom,RN6,,,R_Array_SIP9,R_Network08,tht
97.24,-137.5,180.0,bottom,RN7,,,R_Array_SIP9,R_Network08,tht
100.8,-44.4,180.0,bottom,RN9,,,R_Array_SIP4,R_Network03,tht
86.315,-126.045,-90.0,top,U1,,,SOIC-20W_7.5x12.8mm_P1.27mm,74ACT541,smt
102.23,-112.2925,180.0,top,U16,,,SOIC-16_3.9x9.9mm_P1.27mm,74ACT151,smt
114.225,-114.77,180.0,top,U2,,,SOIC-14_3.9x8.7mm_P1.27mm,74ACT00,smt
138.593724,-77.122833,0.0,top,U3,,,SOIC-16_3.9x9.9mm_P1.27mm,74ACT283,smt
126.175,-114.73,180.0,top,U36,,,SOIC-14_3.9x8.7mm_P1.27mm,74ACT86,smt
151.93,-115.52,90.0,top,U4,,,SOIC-20W_7.5x12.8mm_P1.27mm,74HC688,smt
86.45,-112.445,-90.0,top,U40,,,SOIC-20W_7.5x12.8mm_P1.27mm,74ACT377,smt
149.393724,-98.822833,0.0,top,U41,,,SOIC-16_3.9x9.9mm_P1.27mm,74ACT151,smt
149.393724,-84.748176,0.0,top,U42,,,SOIC-16_3.9x9.9mm_P1.27mm,74ACT151,smt
149.393724,-70.708519,0.0,top,U43,,,SOIC-16_3.9x9.9mm_P1.27mm,74ACT151,smt
149.393724,-56.668862,0.0,top,U44,,,SOIC-16_3.9x9.9mm_P1.27mm,74ACT151,smt
126.883724,-99.322833,180.0,top,U45,,,SOIC-16_3.9x9.9mm_P1.27mm,74ACT151,smt
126.883724,-84.573176,180.0,top,U46,,,SOIC-16_3.9x9.9mm_P1.27mm,74ACT151,smt
126.883724,-70.533519,180.0,top,U47,,,SOIC-16_3.9x9.9mm_P1.27mm,74ACT151,smt
126.883724,-56.493862,180.0,top,U48,,,SOIC-16_3.9x9.9mm_P1.27mm,74ACT151,smt
83.749895,-56.425885,180.0,top,U49,,,SOIC-16_3.9x9.9mm_P1.27mm,74ACT151,smt
95.393724,-76.322833,0.0,top,U5,,,SOIC-16_3.9x9.9mm_P1.27mm,74ACT283,smt
83.749895,-99.254856,180.0,top,U50,,,SOIC-16_3.9x9.9mm_P1.27mm,74ACT151,smt
83.749895,-84.505199,180.0,top,U51,,,SOIC-16_3.9x9.9mm_P1.27mm,74ACT151,smt
83.749895,-70.465542,180.0,top,U52,,,SOIC-16_3.9x9.9mm_P1.27mm,74ACT151,smt
106.259895,-98.754856,0.0,top,U53,,,SOIC-16_3.9x9.9mm_P1.27mm,74ACT151,smt
106.259895,-70.640542,0.0,top,U54,,,SOIC-16_3.9x9.9mm_P1.27mm,74ACT151,smt
106.259895,-56.600885,0.0,top,U55,,,SOIC-16_3.9x9.9mm_P1.27mm,74ACT151,smt
106.259895,-84.680199,0.0,top,U56,,,SOIC-16_3.9x9.9mm_P1.27mm,74ACT151,smt
136.95,-114.77,180.0,top,U6,,,SOIC-14_3.9x8.7mm_P1.27mm,74ACT00,smt
