# Tomato32 ROM opcode table — one row per rom_addr (1024x64 microcode). Hardware authority; ISA personalities live under profiles/.
rom_addr,rom_region,mnemonic,group,encoding,semantic_op,ir_imm_sel,alu_op,alu_pre,cin_sel,shift_op,wb_sel,reg_we,bank_en,flags_we,mem_rd,mem_wr,byte_sel,mem_sel,branch_en,jump_type,sp_op,pc_src,pc_link_we,pc_cond,cycles,ctrl_bussel,mul_en,div_en,lut3_index,primitive_id,hardware_tier,notes,status
0x000,native,NOP,system,reg_reg,NOP,0,0,0,0,0,0,0,0,0,0,0,0,0,0,0,0,0,0,0,1,0,0,0,,,native,No operation,
0x001,native,ADD,alu-rr,reg_reg,ADD,0,150,5,0,0,0,1,1,1,0,0,0,0,0,0,0,0,0,0,1,0,0,0,96,ALU_017,native,rd=rA+rB,
0x002,native,SUB,alu-rr,reg_reg,SUB,0,150,13,1,0,0,1,1,1,0,0,0,0,0,0,0,0,0,0,1,0,0,0,96,ALU_021,native,rd=rA-rB,
0x003,native,AND,alu-rr,reg_reg,AND,0,136,5,1,0,0,1,1,1,0,0,0,0,0,0,0,0,0,0,1,0,0,0,,,native,rd=rA&rB,
0x004,native,OR,alu-rr,reg_reg,OR,0,238,5,1,0,0,1,1,1,0,0,0,0,0,0,0,0,0,0,1,0,0,0,,,native,rd=rA|rB,
0x005,native,XOR,alu-rr,reg_reg,XOR,0,102,5,1,0,0,1,1,1,0,0,0,0,0,0,0,0,0,0,1,0,0,0,,,native,rd=rA^rB,
0x006,native,NOT,alu-rr,reg_reg,NOT,0,51,1,1,0,0,1,1,1,0,0,0,0,0,0,0,0,0,0,1,0,0,0,,,native,rd=~rA,
0x007,native,NEG,alu-rr,reg_reg,NEG,0,150,7,1,0,0,1,1,1,0,0,0,0,0,0,0,0,0,0,1,0,0,0,96,ALU_019,native,rd=-rA,
0x008,native,ADC,alu-rr,reg_reg,ADC,0,150,5,1,0,0,1,1,1,0,0,0,0,0,0,0,0,0,0,1,0,0,0,96,ALU_001,native,rd=rA+rB+C,
0x009,native,SBC,alu-rr,reg_reg,SBC,0,105,7,1,0,0,1,1,1,0,0,0,0,0,0,0,0,0,0,1,0,0,0,,,native,rd=rA-rB-borrow,
0x00a,native,ANDN,alu-rr,reg_reg,ANDN,0,192,5,1,0,0,1,1,1,0,0,0,0,0,0,0,0,0,0,1,0,0,0,,,native,rd=rA&~rB,
0x00b,native,ORN,alu-rr,reg_reg,ORN,0,238,2,1,0,0,1,1,1,0,0,0,0,0,0,0,0,0,0,1,0,0,0,,,native,rd=rA|~rB,
0x00c,native,INC,alu-rr,reg_reg,INC,0,150,5,1,0,0,1,1,1,0,0,0,0,0,0,0,0,0,0,1,0,0,0,96,ALU_001,native,rd=rA+1,
0x00d,native,DEC,alu-rr,reg_reg,DEC,0,150,15,0,0,0,1,1,1,0,0,0,0,0,0,0,0,0,0,1,0,0,0,96,ALU_030,native,rd=rA-1,
0x00e,native,MOV,alu-rr,reg_reg,MOV,0,204,4,0,0,0,1,1,0,0,0,0,0,0,0,0,0,0,0,1,0,0,0,,,native,rd=rB,
0x00f,native,CMP,alu-rr,reg_reg,CMP,0,105,7,1,0,0,0,0,1,0,0,0,0,0,0,0,0,0,0,1,0,0,0,,,native,flags=rA-rB;no wb,
0x010,native,ADDI,alu-imm,off12s,ADDI,3,150,5,0,0,0,1,1,1,0,0,0,0,0,0,0,0,0,0,1,0,0,0,96,ALU_017,native,rd=rA+imm12s IR[21:10],
0x011,native,SUBI,alu-imm,off12s,SUBI,3,105,7,1,0,0,1,1,1,0,0,0,0,0,0,0,0,0,0,1,0,0,0,,,native,rd=rA-imm12s IR[21:10],
0x012,native,ANDI,alu-imm,imm16z,ANDI,7,136,5,1,0,0,1,1,1,0,0,0,0,0,0,0,0,0,0,1,0,0,0,,,native,rd=rA&imm16z,
0x013,native,ORI,alu-imm,imm16z,ORI,7,238,5,1,0,0,1,1,1,0,0,0,0,0,0,0,0,0,0,1,0,0,0,,,native,rd=rA|imm16z,
0x014,native,XORI,alu-imm,imm16z,XORI,7,102,5,1,0,0,1,1,1,0,0,0,0,0,0,0,0,0,0,1,0,0,0,,,native,rd=rA^imm16z,
0x015,native,ADDI16,alu-imm,imm16s,ADDI16,8,150,5,0,0,0,1,1,1,0,0,0,0,0,0,0,0,0,0,1,0,0,0,96,ALU_017,native,rd=rA+imm16s,
0x016,native,ADDI8,alu-imm,imm8s,ADDI8,2,150,5,0,0,0,1,1,1,0,0,0,0,0,0,0,0,0,0,1,0,0,0,96,ALU_017,native,rd=rA+imm8s (compact),
0x017,native,TST,alu-imm,imm16z,TST,7,136,5,1,0,0,0,0,1,0,0,0,0,0,0,0,0,0,0,1,0,0,0,,,native,flags=rA&imm;no wb,
0x018,native,CMPI,alu-imm,off12s,CMPI,3,105,7,1,0,0,0,0,1,0,0,0,0,0,0,0,0,0,0,1,0,0,0,,,native,flags=rA-imm12s;no wb,
0x019,native,LUI,alu-imm,lui20,LUI,11,0,0,0,0,6,1,1,0,0,0,0,0,0,0,0,0,0,0,1,0,0,0,,,sequence,rd=imm20<<12,
0x01a,native,AUIPC,alu-imm,lui20,AUIPC,11,150,5,0,0,0,1,1,0,0,0,0,0,0,0,0,1,0,0,1,3,0,0,96,ALU_017,sequence,rd=PC+(imm20<<12),
0x01b,native,MOVT,alu-imm,lui16,MOVT,10,0,0,0,0,6,1,1,0,0,0,0,0,0,0,0,0,0,0,1,0,0,0,,,native,rd[31:16]=imm16 (upper half),
0x01c,native,MOVI8,alu-imm,imm8s,MOVI8,2,0,0,0,0,6,1,1,0,0,0,0,0,0,0,0,0,0,0,1,0,0,0,,,native,rd=imm8s,
0x01d,native,MOVI16,alu-imm,imm16s,MOVI16,8,0,0,0,0,6,1,1,0,0,0,0,0,0,0,0,0,0,0,1,0,0,0,,,native,rd=imm16s,
0x01e,native,SLT,alu-rr,reg_reg,SLT,0,105,7,1,0,4,1,1,1,0,0,0,0,0,0,0,0,0,0,1,0,0,0,,,native,rd=(rA<rB)?1:0 signed,
0x01f,native,SLTU,alu-rr,reg_reg,SLTU,0,105,7,1,0,4,1,1,1,0,0,0,0,0,0,0,0,0,0,1,0,0,0,,,native,rd=(rA<u rB)?1:0,
0x020,native,LSL,shift,reg_reg,LSL,0,0,0,0,0,1,1,1,0,0,0,0,0,0,0,0,0,0,0,1,0,0,0,,SHF_LSL,native,rd=rA<<rB[4:0],
0x021,native,LSR,shift,reg_reg,LSR,0,0,0,0,1,1,1,1,0,0,0,0,0,0,0,0,0,0,0,1,0,0,0,,SHF_LSR,native,rd=rA>>rB[4:0] logical,
0x022,native,ASR,shift,reg_reg,ASR,0,0,0,0,2,1,1,1,0,0,0,0,0,0,0,0,0,0,0,1,0,0,0,,SHF_ASR,native,rd=rA>>rB[4:0] arith,
0x023,native,ROR,shift,reg_reg,ROR,0,0,0,0,3,1,1,1,0,0,0,0,0,0,0,0,0,0,0,1,0,0,0,,SHF_ROR,native,rd=ROR(rA,
0x024,native,LSLI,shift,shamt5,LSLI,5,0,0,0,0,1,1,1,0,0,0,0,0,0,0,0,0,0,0,1,0,0,0,,,native,rd=rA<<shamt,
0x025,native,LSRI,shift,shamt5,LSRI,5,0,0,0,1,1,1,1,0,0,0,0,0,0,0,0,0,0,0,1,0,0,0,,,native,rd=rA>>shamt logical,
0x026,native,ASRI,shift,shamt5,ASRI,5,0,0,0,2,1,1,1,0,0,0,0,0,0,0,0,0,0,0,1,0,0,0,,,native,rd=rA>>shamt arith,
0x027,native,RORI,shift,shamt5,RORI,5,0,0,0,3,1,1,1,0,0,0,0,0,0,0,0,0,0,0,1,0,0,0,,,native,rd=ROR(rA,
0x030,,,,,,3,150,7,0,0,3,1,1,0,1,0,0,0,0,0,0,0,0,0,2,1,0,0,,,,,
0x031,,,,,,3,150,7,0,0,3,1,1,0,1,0,3,0,0,0,0,0,0,0,2,1,0,0,,,,,
0x032,,,,,,3,150,7,0,0,3,1,1,0,1,0,2,0,0,0,0,0,0,0,2,1,0,0,,,,,
0x033,,,,,,3,150,7,0,0,3,1,1,0,1,0,1,0,0,0,0,0,0,0,2,1,0,0,,,,,
0x034,,,,,,3,150,7,0,0,3,1,1,0,1,0,0,0,0,0,0,0,0,0,2,1,0,0,,,,,
0x035,,,,,,0,0,0,0,0,3,1,1,0,1,0,0,0,0,0,0,0,0,0,1,2,0,0,,,,,
0x036,,,,,,0,170,5,1,0,3,1,1,0,1,0,0,0,0,0,0,0,0,0,2,1,0,0,,,,,
0x040,,,,,,3,150,7,0,0,0,0,0,0,0,1,0,0,0,0,0,0,0,0,2,1,0,0,,,,,
0x041,,,,,,3,150,7,0,0,0,0,0,0,0,1,3,0,0,0,0,0,0,0,2,1,0,0,,,,,
0x042,,,,,,3,150,7,0,0,0,0,0,0,0,1,1,0,0,0,0,0,0,0,2,1,0,0,,,,,
0x043,,,,,,0,0,0,0,0,0,0,0,0,0,1,0,0,0,0,0,0,0,0,1,2,0,0,,,,,
0x050,,,,,,12,0,0,0,0,0,0,0,0,0,0,0,0,1,0,0,0,0,0,1,0,0,0,,,,,
0x051,,,,,,12,0,0,0,0,0,0,0,0,0,0,0,0,1,0,0,0,0,4,1,0,0,0,,,,,
0x052,,,,,,12,0,0,0,0,0,0,0,0,0,0,0,0,1,0,0,0,0,2,1,0,0,0,,,,,
0x053,,,,,,12,0,0,0,0,0,0,0,0,0,0,0,0,1,0,0,0,0,6,1,0,0,0,,,,,
0x054,,,,,,12,0,0,0,0,0,0,0,0,0,0,0,0,1,0,0,0,0,5,1,0,0,0,,,,,
0x055,,,,,,12,0,0,0,0,0,0,0,0,0,0,0,0,1,0,0,0,0,1,1,0,0,0,,,,,
0x056,,,,,,12,0,0,0,0,0,0,0,0,0,0,0,0,1,0,0,0,0,6,1,0,0,0,,,,,
0x057,,,,,,12,0,0,0,0,0,0,0,0,0,0,0,0,1,0,0,0,0,7,1,0,0,0,,,,,
0x060,,,,,,9,0,0,0,0,2,1,1,0,0,0,0,0,0,1,0,0,1,0,1,0,0,0,,,,,
0x061,,,,,,3,150,5,0,0,2,1,1,0,0,0,0,0,0,1,0,0,1,0,2,1,0,0,,,,,
0x062,native,JMP,jump,jmp26_x4,JMP,13,0,0,0,0,0,0,0,0,0,0,0,0,0,1,0,0,0,0,1,0,0,0,,,native,,
0x063,,,,,,0,0,0,0,0,0,0,0,0,0,0,0,0,0,1,0,2,0,0,1,2,0,0,,,,,
0x064,,,,,,0,0,0,0,0,0,0,0,0,0,0,0,0,0,1,0,2,0,0,1,2,0,0,,,,,
0x070,,,,,,0,0,0,0,0,0,0,0,0,0,1,0,0,0,0,0,0,0,0,2,7,0,0,,,,,
0x071,,,,,,0,0,0,0,0,3,1,1,0,1,0,0,0,0,0,0,0,0,0,2,7,0,0,,,,,
0x072,,,,,,9,0,0,0,0,2,1,1,0,0,0,0,0,0,1,0,0,1,0,1,0,0,0,,,,,
0x073,,,,,,0,0,0,0,0,3,0,0,0,1,0,0,0,0,1,0,0,0,0,2,7,0,0,,,,,
0x074,,,,,,0,0,0,0,0,3,1,0,0,1,0,0,0,0,0,0,0,0,0,2,7,0,0,,,,,
0x075,,,,,,0,0,0,0,0,0,0,0,0,0,0,0,0,0,0,0,0,0,0,1,7,0,0,,,,,
0x076,,,,,,0,0,0,0,0,0,0,0,0,0,1,0,0,0,0,0,0,0,0,2,7,0,0,,,,,
0x077,,,,,,0,0,0,0,0,3,1,0,0,1,0,0,0,0,0,0,0,0,0,2,7,0,0,,,,,
0x078,,,,,,0,0,0,0,0,2,1,0,0,0,0,0,0,0,0,0,0,0,0,1,0,0,0,,,,,
0x079,,,,,,0,240,5,1,0,0,1,0,0,0,0,0,0,0,0,0,0,0,0,1,0,0,0,,,,,
0x07a,,,,,,0,170,5,1,0,0,1,0,0,0,0,0,0,0,0,0,0,0,0,1,0,0,0,,,,,
0x07b,,,,,,0,0,0,0,0,3,1,0,0,1,0,0,0,0,0,0,0,0,0,2,7,0,0,,,,,
0x07c,,,,,,0,0,0,0,0,0,0,0,0,0,1,0,0,0,0,0,0,0,0,2,7,0,0,,,,,
0x07d,,,,,,0,170,5,1,0,0,0,0,0,0,1,0,1,0,0,0,0,0,0,2,1,0,0,,,,,
0x07e,,,,,,0,170,5,1,0,0,0,0,0,0,1,0,2,0,0,0,0,0,0,2,1,0,0,,,,,
0x080,,,,,,0,0,0,0,0,7,1,1,0,0,0,0,0,0,0,0,0,0,0,1,0,1,0,,,,,
0x081,,,,,,0,0,0,0,0,7,1,1,0,0,0,0,0,0,0,0,0,0,0,1,0,1,0,,,,,
0x082,,,,,,0,0,0,0,0,7,1,1,0,0,0,0,0,0,0,0,0,0,0,1,0,1,0,,,,,
0x083,,,,,,0,0,0,0,0,7,1,1,0,0,0,0,0,0,0,0,0,0,0,1,0,1,0,,,,,
0x084,,,,,,0,0,0,0,0,5,1,1,0,0,0,0,0,0,0,0,0,0,0,1,0,0,0,,,,,
0x085,,,,,,8,0,0,0,0,7,1,1,0,0,0,0,0,0,0,0,0,0,0,1,0,1,0,,,,,
0x090,,,,,,0,0,0,0,0,7,1,1,0,0,0,0,0,0,0,0,0,0,0,1,0,0,1,,,,,
0x091,,,,,,0,0,0,0,0,7,1,1,0,0,0,0,0,0,0,0,0,0,0,1,0,0,1,,,,,
0x092,,,,,,0,0,0,0,0,7,1,1,0,0,0,0,0,0,0,0,0,0,0,1,0,0,1,,,,,
0x093,,,,,,0,0,0,0,0,7,1,1,0,0,0,0,0,0,0,0,0,0,0,1,0,0,1,,,,,
0x0a0,,,,,,0,0,0,0,0,4,1,1,0,0,0,0,0,0,0,0,0,0,0,1,0,0,0,,,,,
0x0a1,,,,,,0,0,0,0,0,0,0,0,1,0,0,0,0,0,0,0,0,0,0,1,0,0,0,,,,,
0x0a2,,,,,,0,0,0,0,0,0,1,1,0,0,0,0,0,0,0,0,0,0,0,1,0,0,0,,,,,
0x0a3,,,,,,0,0,0,0,0,0,0,0,0,0,0,0,0,0,0,0,0,0,0,1,0,0,0,,,,,
0x0a4,,,,,,0,0,0,0,0,0,0,0,0,0,0,0,0,0,0,0,0,0,0,1,0,0,0,,,,,
0x0a5,,,,,,0,0,0,0,0,0,0,0,0,0,0,0,0,0,0,0,0,0,0,1,0,0,0,,,,,
0x0a6,,,,,,0,0,0,0,0,0,0,0,0,0,0,0,0,0,0,0,0,0,0,1,0,0,0,,,,,
0x0a7,,,,,,0,0,0,0,0,0,0,0,0,0,0,0,0,0,0,0,0,0,0,1,0,0,0,,,,,
0x0a8,,,,,,3,150,5,0,0,0,1,1,0,0,0,0,0,0,0,0,0,0,0,1,0,0,0,,,,,
0x0a9,,,,,,3,150,7,0,0,0,0,0,0,0,1,0,3,0,0,0,0,0,0,2,1,0,0,,,,,
0x0aa,,,,,,0,0,0,0,0,0,0,0,0,0,1,0,2,0,0,0,0,0,0,2,7,0,0,,,,,
0x0ab,,,,,,0,0,0,0,0,0,0,1,0,0,0,0,0,0,0,0,0,0,0,1,0,0,0,,,,,
0x0ac,,,,,,0,0,0,0,0,0,0,0,0,0,0,0,0,0,0,0,0,0,0,1,0,0,0,,,,,
0x0ad,,,,,,0,228,5,1,0,0,1,0,0,0,0,0,0,0,0,0,0,0,0,1,0,0,0,,,,,
0x0ae,,,,,,0,0,0,0,0,0,0,0,0,0,0,0,0,0,0,0,0,0,0,1,0,0,0,,,,,
0x0af,,,,,,11,0,0,0,0,0,0,0,0,0,0,0,0,0,0,0,0,0,0,3,0,0,0,,,,,
0x0b0,,,,,,0,150,7,1,0,0,1,0,1,0,0,0,0,0,0,0,0,0,0,1,0,0,0,,,,,
0x0b1,,,,,,0,150,7,1,0,0,1,0,1,0,0,0,0,0,0,0,0,0,0,1,0,0,0,,,,,
0x0b2,,,,,,0,150,5,0,0,0,0,0,1,0,0,0,0,0,0,0,0,0,0,1,0,0,0,,,,,
0x0b3,,,,,,0,102,5,1,0,0,0,0,1,0,0,0,0,0,0,0,0,0,0,1,0,0,0,,,,,
0x0b4,,,,,,0,51,4,1,0,0,1,0,0,0,0,0,0,0,0,0,0,0,0,1,0,0,0,,,,,
0x0b5,,,,,,0,202,5,1,0,0,1,0,0,0,0,0,0,0,0,0,0,0,0,1,0,0,0,,,,,
0x0b6,,,,,,0,228,5,1,0,0,1,0,0,0,0,0,0,0,0,0,0,0,0,1,0,0,0,,,,,
0x0b7,,,,,,0,150,0,0,0,0,1,0,0,0,0,0,0,0,0,0,0,0,0,1,0,0,0,,,,,
0x0b8,,,,,,0,119,5,1,0,0,1,0,0,0,0,0,0,0,0,0,0,0,0,1,0,0,0,,,,,
0x0b9,,,,,,0,17,5,1,0,0,1,0,0,0,0,0,0,0,0,0,0,0,0,1,0,0,0,,,,,
0x0ba,,,,,,0,153,5,1,0,0,1,0,0,0,0,0,0,0,0,0,0,0,0,1,0,0,0,,,,,
0x0bb,,,,,,0,102,2,1,0,0,1,0,0,0,0,0,0,0,0,0,0,0,0,1,0,0,0,,,,,
0x0bc,,,,,,0,232,5,1,0,0,1,0,0,0,0,0,0,0,0,0,0,0,0,1,0,0,0,,,,,
0x0bd,,,,,,0,23,5,1,0,0,1,0,0,0,0,0,0,0,0,0,0,0,0,1,0,0,0,,,,,
0x0be,,,,,,0,0,0,0,0,0,0,0,0,0,0,0,0,0,0,0,0,0,0,1,0,0,0,,,,,
0x0bf,,,,,,0,0,0,0,0,0,0,0,0,0,0,0,0,0,0,0,0,0,0,1,0,0,0,,,,,
0x0c0,,,,,,0,105,7,1,0,4,1,0,1,0,0,0,0,0,0,0,0,0,0,1,0,0,0,,,,,
0x0c1,,,,,,0,105,7,1,0,4,1,1,1,0,0,0,0,0,0,0,0,0,0,1,0,0,0,,,,,
0x0c2,,,,,,0,105,7,1,0,4,1,1,1,0,0,0,0,0,0,0,0,0,0,1,0,0,0,,,,,
0x0c3,,,,,,0,105,7,1,0,4,1,1,1,0,0,0,0,0,0,0,0,0,0,1,0,0,0,,,,,
0x0c4,,,,,,0,105,7,1,0,4,1,1,1,0,0,0,0,0,0,0,0,0,0,1,0,0,0,,,,,
0x0c5,,,,,,0,105,7,1,0,4,1,1,1,0,0,0,0,0,0,0,0,0,0,1,0,0,0,,,,,
0x0c6,,,,,,0,0,0,0,0,0,0,0,0,0,0,0,0,0,0,0,0,0,0,1,0,0,0,,,,,
0x0c7,,,,,,0,0,0,0,0,0,0,0,0,0,0,0,0,0,0,0,0,0,0,1,0,0,0,,,,,
0x0c8,,,,,,0,0,0,0,0,0,0,0,0,0,0,0,0,0,0,0,0,0,0,1,0,0,0,,,,,
0x0c9,,,,,,0,0,0,0,0,0,0,0,0,0,0,0,0,0,0,0,0,0,0,1,0,0,0,,,,,
0x0ca,,,,,,0,0,0,0,0,0,0,0,0,0,0,0,0,0,0,0,0,0,0,1,0,0,0,,,,,
0x0cb,,,,,,0,0,0,0,0,0,0,0,0,0,0,0,0,0,0,0,0,0,0,1,0,0,0,,,,,
0x0cc,,,,,,0,0,0,0,0,0,0,0,0,0,0,0,0,0,0,0,0,0,0,1,0,0,0,,,,,
0x0cd,,,,,,0,0,0,0,0,0,0,0,0,0,0,0,0,0,0,0,0,0,0,1,0,0,0,,,,,
0x0d0,,,,,,0,0,0,0,0,0,0,0,0,0,0,0,0,0,0,0,0,0,0,1,0,0,0,,,,,
0x0d1,,,,,,0,0,0,0,0,0,0,0,0,0,0,0,0,0,0,0,0,0,0,1,0,0,0,,,,,
0x0d2,,,,,,0,0,0,0,0,0,0,0,0,0,0,0,0,0,0,0,0,0,0,1,0,0,0,,,,,
0x0d3,,,,,,0,0,0,0,0,0,0,0,0,0,0,0,0,0,0,0,0,0,0,1,0,0,0,,,,,
0x0d4,,,,,,0,0,0,0,0,0,0,0,0,0,0,0,0,0,0,0,0,0,0,1,0,0,0,,,,,
0x0d5,,,,,,0,0,0,0,0,0,0,0,0,0,0,0,0,0,0,0,0,0,0,1,0,0,0,,,,,
0x0d6,,,,,,0,0,0,0,0,0,0,0,0,0,0,0,0,0,0,0,0,0,0,1,0,0,0,,,,,
0x0d7,,,,,,0,0,0,0,0,0,0,0,0,0,0,0,0,0,0,0,0,0,0,1,0,0,0,,,,,
0x0d8,,,,,,0,0,0,0,0,0,0,0,0,0,0,0,0,0,0,0,0,0,0,1,0,0,0,,,,,
0x0d9,,,,,,0,0,0,0,0,0,0,0,0,0,0,0,0,0,0,0,0,0,0,1,0,0,0,,,,,
0x0da,,,,,,0,150,7,0,0,0,1,0,1,0,0,0,0,0,0,0,0,0,0,1,0,0,0,,,,,
0x0db,,,,,,0,0,0,0,0,0,0,0,0,0,0,0,0,0,0,0,0,0,0,1,0,0,0,,,,,
0x0dc,,,,,,12,0,0,0,0,0,0,0,0,0,0,0,0,0,0,0,0,0,0,1,0,0,0,,,,,
0x0dd,,,,,,12,0,0,0,0,0,0,0,0,0,0,0,0,0,0,0,0,0,0,1,0,0,0,,,,,
0x108,,,,,,3,150,5,0,0,0,1,1,1,0,0,0,0,0,0,0,0,0,0,1,0,0,0,,,,,
0x109,,,,,,3,105,7,1,0,0,1,1,1,0,0,0,0,0,0,0,0,0,0,1,0,0,0,,,,,
0x112,,,,,,4,136,5,1,0,0,1,1,1,0,0,0,0,0,0,0,0,0,0,1,0,0,0,,,,,
0x113,,,,,,4,238,5,1,0,0,1,1,1,0,0,0,0,0,0,0,0,0,0,1,0,0,0,,,,,
0x114,,,,,,4,102,5,1,0,0,1,1,1,0,0,0,0,0,0,0,0,0,0,1,0,0,0,,,,,
0x115,,,,,,3,150,5,0,0,0,1,1,1,0,0,0,0,0,0,0,0,0,0,1,0,0,0,,,,,
0x116,,,,,,4,150,5,0,0,0,1,1,1,0,0,0,0,0,0,0,0,0,0,1,0,0,0,,,,,
0x117,,,,,,3,136,5,1,0,0,0,0,1,0,0,0,0,0,0,0,0,0,0,1,0,0,0,,,,,
0x118,,,,,,3,105,7,1,0,0,0,0,1,0,0,0,0,0,0,0,0,0,0,1,0,0,0,,,,,
0x119,,,,,,10,0,0,0,0,6,1,1,0,0,0,0,0,0,0,0,0,0,0,1,0,0,0,,,,,
0x11b,,,,,,7,0,0,0,0,6,1,1,0,0,0,0,0,0,0,0,0,0,0,1,0,0,0,,,,,
0x11c,,,,,,1,0,0,0,0,6,1,1,0,0,0,0,0,0,0,0,0,0,0,1,0,0,0,,,,,
0x11d,,,,,,7,0,0,0,0,6,1,1,0,0,0,0,0,0,0,0,0,0,0,1,0,0,0,,,,,
0x11e,,,,,,8,105,7,1,0,4,1,1,1,0,0,0,0,0,0,0,0,0,0,1,0,0,0,,,,,
0x11f,,,,,,7,105,7,1,0,4,1,1,1,0,0,0,0,0,0,0,0,0,0,1,0,0,0,,,,,
0x120,,,,,,1,0,0,0,0,1,1,1,0,0,0,0,0,0,0,0,0,0,0,1,0,0,0,,,,,
0x121,,,,,,1,0,0,0,1,1,1,1,0,0,0,0,0,0,0,0,0,0,0,1,0,0,0,,,,,
0x122,,,,,,1,0,0,0,2,1,1,1,0,0,0,0,0,0,0,0,0,0,0,1,0,0,0,,,,,
0x123,,,,,,1,0,0,0,3,1,1,1,0,0,0,0,0,0,0,0,0,0,0,1,0,0,0,,,,,
0x135,,,,,,0,0,0,0,0,0,0,0,0,0,0,0,0,0,0,0,0,0,0,1,0,0,0,,,,,
0x140,,,,,,14,150,5,0,0,0,1,1,1,0,0,0,0,0,0,0,0,0,0,1,0,0,0,,,,,
0x141,,,,,,2,150,5,0,0,0,1,1,1,0,0,0,0,0,0,0,0,0,0,1,0,0,0,,,,,
0x142,,,,,,8,150,5,0,0,0,1,1,1,0,0,0,0,0,0,0,0,0,0,1,0,0,0,,,,,
0x143,,,,,,14,105,7,1,0,0,1,1,1,0,0,0,0,0,0,0,0,0,0,1,0,0,0,,,,,
0x144,,,,,,14,105,7,1,0,0,0,0,1,0,0,0,0,0,0,0,0,0,0,1,0,0,0,,,,,
0x145,,,,,,1,0,0,0,0,6,1,1,0,0,0,0,0,0,0,0,0,0,0,1,0,0,0,,,,,
0x146,,,,,,7,0,0,0,0,6,1,1,0,0,0,0,0,0,0,0,0,0,0,1,0,0,0,,,,,
0x147,,,,,,10,0,0,0,0,6,1,1,0,0,0,0,0,0,0,0,0,0,0,1,0,0,0,,,,,
0x148,,,,,,15,150,5,0,0,0,1,1,1,0,0,0,0,0,0,0,0,0,0,1,0,0,0,,,,,
0x149,,,,,,8,105,7,1,0,0,1,1,1,0,0,0,0,0,0,0,0,0,0,1,0,0,0,,,,,
0x14a,,,,,,4,136,5,1,0,0,1,1,1,0,0,0,0,0,0,0,0,0,0,1,0,0,0,,,,,
0x14b,,,,,,3,136,5,1,0,0,1,1,1,0,0,0,0,0,0,0,0,0,0,1,0,0,0,,,,,
0x14c,,,,,,4,238,5,1,0,0,1,1,1,0,0,0,0,0,0,0,0,0,0,1,0,0,0,,,,,
0x14d,,,,,,4,102,5,1,0,0,1,1,1,0,0,0,0,0,0,0,0,0,0,1,0,0,0,,,,,
0x14e,,,,,,8,105,7,1,0,0,0,0,1,0,0,0,0,0,0,0,0,0,0,1,0,0,0,,,,,
0x14f,,,,,,15,150,5,0,0,0,1,1,0,0,0,0,0,0,0,0,1,0,0,1,3,0,0,,,,,
0x150,,,,,,3,0,0,0,0,7,1,1,0,0,0,0,0,0,0,0,0,0,0,1,0,1,0,,,,,
0x151,,,,,,4,136,5,1,0,0,0,0,1,0,0,0,0,0,0,0,0,0,0,1,0,0,0,,,,,
0x152,,,,,,0,0,0,0,0,3,1,1,0,1,0,0,0,0,0,0,0,0,0,2,1,0,0,,,,,
0x153,,,,,,12,0,0,0,0,0,0,0,0,0,0,0,0,0,1,0,0,0,0,1,0,0,0,,,,,
0x154,,,,,,13,0,0,0,0,2,1,1,0,0,0,0,0,0,1,0,0,1,0,1,0,0,0,,,,,
0x155,,,,,,15,150,5,0,0,2,1,1,0,0,0,0,0,0,1,0,0,1,0,2,1,0,0,,,,,
0x156,,,,,,1,0,0,0,0,1,1,1,0,0,0,0,0,0,0,0,0,0,0,1,0,0,0,,,,,
0x157,,,,,,0,150,5,0,0,0,1,1,1,0,0,0,0,0,0,0,0,0,0,1,0,0,0,,,,,
0x158,,,,,,1,150,5,0,0,0,1,1,1,0,0,0,0,0,0,0,0,0,0,1,0,0,0,,,,,
0x159,,,,,,4,150,5,0,0,0,1,1,1,0,0,0,0,0,0,0,0,0,0,1,0,0,0,,,,,
0x15a,,,,,,5,150,5,0,0,0,1,1,1,0,0,0,0,0,0,0,0,0,0,1,0,0,0,,,,,
0x15b,,,,,,6,150,5,0,0,0,1,1,1,0,0,0,0,0,0,0,0,0,0,1,0,0,0,,,,,
0x15c,,,,,,7,150,5,0,0,0,1,1,1,0,0,0,0,0,0,0,0,0,0,1,0,0,0,,,,,
0x15d,,,,,,9,150,5,0,0,0,1,1,1,0,0,0,0,0,0,0,0,0,0,1,0,0,0,,,,,
0x15e,,,,,,10,150,5,0,0,0,1,1,1,0,0,0,0,0,0,0,0,0,0,1,0,0,0,,,,,
0x15f,,,,,,11,150,5,0,0,0,1,1,1,0,0,0,0,0,0,0,0,0,0,1,0,0,0,,,,,
0x160,,,,,,12,150,5,0,0,0,1,1,1,0,0,0,0,0,0,0,0,0,0,1,0,0,0,,,,,
0x161,,,,,,13,150,5,0,0,0,1,1,1,0,0,0,0,0,0,0,0,0,0,1,0,0,0,,,,,
0x162,,,,,,0,105,7,1,0,0,1,1,1,0,0,0,0,0,0,0,0,0,0,1,0,0,0,,,,,
0x163,,,,,,1,105,7,1,0,0,1,1,1,0,0,0,0,0,0,0,0,0,0,1,0,0,0,,,,,
0x164,,,,,,2,105,7,1,0,0,1,1,1,0,0,0,0,0,0,0,0,0,0,1,0,0,0,,,,,
0x165,,,,,,4,105,7,1,0,0,1,1,1,0,0,0,0,0,0,0,0,0,0,1,0,0,0,,,,,
0x166,,,,,,5,105,7,1,0,0,1,1,1,0,0,0,0,0,0,0,0,0,0,1,0,0,0,,,,,
0x167,,,,,,6,105,7,1,0,0,1,1,1,0,0,0,0,0,0,0,0,0,0,1,0,0,0,,,,,
0x168,,,,,,7,105,7,1,0,0,1,1,1,0,0,0,0,0,0,0,0,0,0,1,0,0,0,,,,,
0x169,,,,,,9,105,7,1,0,0,1,1,1,0,0,0,0,0,0,0,0,0,0,1,0,0,0,,,,,
0x16a,,,,,,10,105,7,1,0,0,1,1,1,0,0,0,0,0,0,0,0,0,0,1,0,0,0,,,,,
0x16b,,,,,,11,105,7,1,0,0,1,1,1,0,0,0,0,0,0,0,0,0,0,1,0,0,0,,,,,
0x16c,,,,,,12,105,7,1,0,0,1,1,1,0,0,0,0,0,0,0,0,0,0,1,0,0,0,,,,,
0x16d,,,,,,13,105,7,1,0,0,1,1,1,0,0,0,0,0,0,0,0,0,0,1,0,0,0,,,,,
0x16e,,,,,,15,105,7,1,0,0,1,1,1,0,0,0,0,0,0,0,0,0,0,1,0,0,0,,,,,
0x16f,,,,,,0,136,5,1,0,0,1,1,1,0,0,0,0,0,0,0,0,0,0,1,0,0,0,,,,,
0x170,,,,,,1,136,5,1,0,0,1,1,1,0,0,0,0,0,0,0,0,0,0,1,0,0,0,,,,,
0x171,,,,,,2,136,5,1,0,0,1,1,1,0,0,0,0,0,0,0,0,0,0,1,0,0,0,,,,,
0x172,,,,,,5,136,5,1,0,0,1,1,1,0,0,0,0,0,0,0,0,0,0,1,0,0,0,,,,,
0x173,,,,,,6,136,5,1,0,0,1,1,1,0,0,0,0,0,0,0,0,0,0,1,0,0,0,,,,,
0x174,,,,,,8,136,5,1,0,0,1,1,1,0,0,0,0,0,0,0,0,0,0,1,0,0,0,,,,,
0x175,,,,,,9,136,5,1,0,0,1,1,1,0,0,0,0,0,0,0,0,0,0,1,0,0,0,,,,,
0x176,,,,,,10,136,5,1,0,0,1,1,1,0,0,0,0,0,0,0,0,0,0,1,0,0,0,,,,,
0x177,,,,,,11,136,5,1,0,0,1,1,1,0,0,0,0,0,0,0,0,0,0,1,0,0,0,,,,,
0x178,,,,,,12,136,5,1,0,0,1,1,1,0,0,0,0,0,0,0,0,0,0,1,0,0,0,,,,,
0x179,,,,,,13,136,5,1,0,0,1,1,1,0,0,0,0,0,0,0,0,0,0,1,0,0,0,,,,,
0x17a,,,,,,14,136,5,1,0,0,1,1,1,0,0,0,0,0,0,0,0,0,0,1,0,0,0,,,,,
0x17b,,,,,,15,136,5,1,0,0,1,1,1,0,0,0,0,0,0,0,0,0,0,1,0,0,0,,,,,
0x17c,,,,,,0,238,5,1,0,0,1,1,1,0,0,0,0,0,0,0,0,0,0,1,0,0,0,,,,,
0x17d,,,,,,1,238,5,1,0,0,1,1,1,0,0,0,0,0,0,0,0,0,0,1,0,0,0,,,,,
0x17e,,,,,,2,238,5,1,0,0,1,1,1,0,0,0,0,0,0,0,0,0,0,1,0,0,0,,,,,
0x17f,,,,,,3,238,5,1,0,0,1,1,1,0,0,0,0,0,0,0,0,0,0,1,0,0,0,,,,,
0x180,,,,,,5,238,5,1,0,0,1,1,1,0,0,0,0,0,0,0,0,0,0,1,0,0,0,,,,,
0x181,,,,,,6,238,5,1,0,0,1,1,1,0,0,0,0,0,0,0,0,0,0,1,0,0,0,,,,,
0x182,,,,,,8,238,5,1,0,0,1,1,1,0,0,0,0,0,0,0,0,0,0,1,0,0,0,,,,,
0x183,,,,,,9,238,5,1,0,0,1,1,1,0,0,0,0,0,0,0,0,0,0,1,0,0,0,,,,,
0x184,,,,,,10,238,5,1,0,0,1,1,1,0,0,0,0,0,0,0,0,0,0,1,0,0,0,,,,,
0x185,,,,,,11,238,5,1,0,0,1,1,1,0,0,0,0,0,0,0,0,0,0,1,0,0,0,,,,,
0x186,,,,,,12,238,5,1,0,0,1,1,1,0,0,0,0,0,0,0,0,0,0,1,0,0,0,,,,,
0x187,,,,,,13,238,5,1,0,0,1,1,1,0,0,0,0,0,0,0,0,0,0,1,0,0,0,,,,,
0x188,,,,,,14,238,5,1,0,0,1,1,1,0,0,0,0,0,0,0,0,0,0,1,0,0,0,,,,,
0x189,,,,,,15,238,5,1,0,0,1,1,1,0,0,0,0,0,0,0,0,0,0,1,0,0,0,,,,,
0x18a,,,,,,0,102,5,1,0,0,1,1,1,0,0,0,0,0,0,0,0,0,0,1,0,0,0,,,,,
0x18b,,,,,,1,102,5,1,0,0,1,1,1,0,0,0,0,0,0,0,0,0,0,1,0,0,0,,,,,
0x18c,,,,,,2,102,5,1,0,0,1,1,1,0,0,0,0,0,0,0,0,0,0,1,0,0,0,,,,,
0x18d,,,,,,3,102,5,1,0,0,1,1,1,0,0,0,0,0,0,0,0,0,0,1,0,0,0,,,,,
0x18e,,,,,,5,102,5,1,0,0,1,1,1,0,0,0,0,0,0,0,0,0,0,1,0,0,0,,,,,
0x18f,,,,,,6,102,5,1,0,0,1,1,1,0,0,0,0,0,0,0,0,0,0,1,0,0,0,,,,,
0x190,,,,,,8,102,5,1,0,0,1,1,1,0,0,0,0,0,0,0,0,0,0,1,0,0,0,,,,,
0x191,,,,,,9,102,5,1,0,0,1,1,1,0,0,0,0,0,0,0,0,0,0,1,0,0,0,,,,,
0x192,,,,,,10,102,5,1,0,0,1,1,1,0,0,0,0,0,0,0,0,0,0,1,0,0,0,,,,,
0x193,,,,,,11,102,5,1,0,0,1,1,1,0,0,0,0,0,0,0,0,0,0,1,0,0,0,,,,,
0x194,,,,,,12,102,5,1,0,0,1,1,1,0,0,0,0,0,0,0,0,0,0,1,0,0,0,,,,,
0x195,,,,,,13,102,5,1,0,0,1,1,1,0,0,0,0,0,0,0,0,0,0,1,0,0,0,,,,,
0x196,,,,,,14,102,5,1,0,0,1,1,1,0,0,0,0,0,0,0,0,0,0,1,0,0,0,,,,,
0x197,,,,,,15,102,5,1,0,0,1,1,1,0,0,0,0,0,0,0,0,0,0,1,0,0,0,,,,,
0x198,,,,,,0,105,7,1,0,0,0,0,1,0,0,0,0,0,0,0,0,0,0,1,0,0,0,,,,,
0x199,,,,,,1,105,7,1,0,0,0,0,1,0,0,0,0,0,0,0,0,0,0,1,0,0,0,,,,,
0x19a,,,,,,2,105,7,1,0,0,0,0,1,0,0,0,0,0,0,0,0,0,0,1,0,0,0,,,,,
0x19b,,,,,,4,105,7,1,0,0,0,0,1,0,0,0,0,0,0,0,0,0,0,1,0,0,0,,,,,
0x19c,,,,,,5,105,7,1,0,0,0,0,1,0,0,0,0,0,0,0,0,0,0,1,0,0,0,,,,,
0x19d,,,,,,6,105,7,1,0,0,0,0,1,0,0,0,0,0,0,0,0,0,0,1,0,0,0,,,,,
0x19e,,,,,,7,105,7,1,0,0,0,0,1,0,0,0,0,0,0,0,0,0,0,1,0,0,0,,,,,
0x19f,,,,,,9,105,7,1,0,0,0,0,1,0,0,0,0,0,0,0,0,0,0,1,0,0,0,,,,,
0x1a0,,,,,,10,105,7,1,0,0,0,0,1,0,0,0,0,0,0,0,0,0,0,1,0,0,0,,,,,
0x1a1,,,,,,11,105,7,1,0,0,0,0,1,0,0,0,0,0,0,0,0,0,0,1,0,0,0,,,,,
0x1a2,,,,,,12,105,7,1,0,0,0,0,1,0,0,0,0,0,0,0,0,0,0,1,0,0,0,,,,,
0x1a3,,,,,,13,105,7,1,0,0,0,0,1,0,0,0,0,0,0,0,0,0,0,1,0,0,0,,,,,
0x1a4,,,,,,15,105,7,1,0,0,0,0,1,0,0,0,0,0,0,0,0,0,0,1,0,0,0,,,,,
0x1a5,,,,,,0,0,0,0,0,6,1,1,0,0,0,0,0,0,0,0,0,0,0,1,0,0,0,,,,,
0x1a6,,,,,,3,0,0,0,0,6,1,1,0,0,0,0,0,0,0,0,0,0,0,1,0,0,0,,,,,
0x1a7,,,,,,4,0,0,0,0,6,1,1,0,0,0,0,0,0,0,0,0,0,0,1,0,0,0,,,,,
0x1a8,,,,,,5,0,0,0,0,6,1,1,0,0,0,0,0,0,0,0,0,0,0,1,0,0,0,,,,,
0x1a9,,,,,,6,0,0,0,0,6,1,1,0,0,0,0,0,0,0,0,0,0,0,1,0,0,0,,,,,
0x1aa,,,,,,7,0,0,0,0,6,1,1,0,0,0,0,0,0,0,0,0,0,0,1,0,0,0,,,,,
0x1ab,,,,,,8,0,0,0,0,6,1,1,0,0,0,0,0,0,0,0,0,0,0,1,0,0,0,,,,,
0x1ac,,,,,,9,0,0,0,0,6,1,1,0,0,0,0,0,0,0,0,0,0,0,1,0,0,0,,,,,
0x1ad,,,,,,10,0,0,0,0,6,1,1,0,0,0,0,0,0,0,0,0,0,0,1,0,0,0,,,,,
0x1ae,,,,,,11,0,0,0,0,6,1,1,0,0,0,0,0,0,0,0,0,0,0,1,0,0,0,,,,,
0x1af,,,,,,12,0,0,0,0,6,1,1,0,0,0,0,0,0,0,0,0,0,0,1,0,0,0,,,,,
0x1b0,,,,,,13,0,0,0,0,6,1,1,0,0,0,0,0,0,0,0,0,0,0,1,0,0,0,,,,,
0x1b1,,,,,,14,0,0,0,0,6,1,1,0,0,0,0,0,0,0,0,0,0,0,1,0,0,0,,,,,
0x1b2,,,,,,15,0,0,0,0,6,1,1,0,0,0,0,0,0,0,0,0,0,0,1,0,0,0,,,,,
0x1b3,,,,,,0,0,0,0,0,6,1,1,0,0,0,0,0,0,0,0,0,0,0,1,0,0,0,,,,,
0x1b4,,,,,,1,0,0,0,0,6,1,1,0,0,0,0,0,0,0,0,0,0,0,1,0,0,0,,,,,
0x1b5,,,,,,2,0,0,0,0,6,1,1,0,0,0,0,0,0,0,0,0,0,0,1,0,0,0,,,,,
0x1b6,,,,,,3,0,0,0,0,6,1,1,0,0,0,0,0,0,0,0,0,0,0,1,0,0,0,,,,,
0x1b7,,,,,,4,0,0,0,0,6,1,1,0,0,0,0,0,0,0,0,0,0,0,1,0,0,0,,,,,
0x1b8,,,,,,5,0,0,0,0,6,1,1,0,0,0,0,0,0,0,0,0,0,0,1,0,0,0,,,,,
0x1b9,,,,,,6,0,0,0,0,6,1,1,0,0,0,0,0,0,0,0,0,0,0,1,0,0,0,,,,,
0x1ba,,,,,,9,0,0,0,0,6,1,1,0,0,0,0,0,0,0,0,0,0,0,1,0,0,0,,,,,
0x1bb,,,,,,10,0,0,0,0,6,1,1,0,0,0,0,0,0,0,0,0,0,0,1,0,0,0,,,,,
0x1bc,,,,,,11,0,0,0,0,6,1,1,0,0,0,0,0,0,0,0,0,0,0,1,0,0,0,,,,,
0x1bd,,,,,,12,0,0,0,0,6,1,1,0,0,0,0,0,0,0,0,0,0,0,1,0,0,0,,,,,
0x1be,,,,,,13,0,0,0,0,6,1,1,0,0,0,0,0,0,0,0,0,0,0,1,0,0,0,,,,,
0x1bf,,,,,,14,0,0,0,0,6,1,1,0,0,0,0,0,0,0,0,0,0,0,1,0,0,0,,,,,
0x1c0,,,,,,15,0,0,0,0,6,1,1,0,0,0,0,0,0,0,0,0,0,0,1,0,0,0,,,,,
0x1c1,,,,,,0,0,0,0,0,6,1,1,0,0,0,0,0,0,0,0,0,0,0,1,0,0,0,,,,,
0x1c2,,,,,,1,0,0,0,0,6,1,1,0,0,0,0,0,0,0,0,0,0,0,1,0,0,0,,,,,
0x1c3,,,,,,2,0,0,0,0,6,1,1,0,0,0,0,0,0,0,0,0,0,0,1,0,0,0,,,,,
0x1c4,,,,,,3,0,0,0,0,6,1,1,0,0,0,0,0,0,0,0,0,0,0,1,0,0,0,,,,,
0x1c5,,,,,,4,0,0,0,0,6,1,1,0,0,0,0,0,0,0,0,0,0,0,1,0,0,0,,,,,
0x1c6,,,,,,5,0,0,0,0,6,1,1,0,0,0,0,0,0,0,0,0,0,0,1,0,0,0,,,,,
0x1c7,,,,,,6,0,0,0,0,6,1,1,0,0,0,0,0,0,0,0,0,0,0,1,0,0,0,,,,,
0x1c8,,,,,,7,0,0,0,0,6,1,1,0,0,0,0,0,0,0,0,0,0,0,1,0,0,0,,,,,
0x1c9,,,,,,8,0,0,0,0,6,1,1,0,0,0,0,0,0,0,0,0,0,0,1,0,0,0,,,,,
0x1ca,,,,,,9,0,0,0,0,6,1,1,0,0,0,0,0,0,0,0,0,0,0,1,0,0,0,,,,,
0x1cb,,,,,,12,0,0,0,0,6,1,1,0,0,0,0,0,0,0,0,0,0,0,1,0,0,0,,,,,
0x1cc,,,,,,13,0,0,0,0,6,1,1,0,0,0,0,0,0,0,0,0,0,0,1,0,0,0,,,,,
0x1cd,,,,,,14,0,0,0,0,6,1,1,0,0,0,0,0,0,0,0,0,0,0,1,0,0,0,,,,,
0x1ce,,,,,,15,0,0,0,0,6,1,1,0,0,0,0,0,0,0,0,0,0,0,1,0,0,0,,,,,
0x1cf,,,,,,0,150,5,0,0,0,1,1,0,0,0,0,0,0,0,0,1,0,0,1,3,0,0,,,,,
0x1d0,,,,,,1,150,5,0,0,0,1,1,0,0,0,0,0,0,0,0,1,0,0,1,3,0,0,,,,,
0x1d1,,,,,,2,150,5,0,0,0,1,1,0,0,0,0,0,0,0,0,1,0,0,1,3,0,0,,,,,
0x1d2,,,,,,3,150,5,0,0,0,1,1,0,0,0,0,0,0,0,0,1,0,0,1,3,0,0,,,,,
0x1d3,,,,,,4,150,5,0,0,0,1,1,0,0,0,0,0,0,0,0,1,0,0,1,3,0,0,,,,,
0x1d4,,,,,,5,150,5,0,0,0,1,1,0,0,0,0,0,0,0,0,1,0,0,1,3,0,0,,,,,
0x1d5,,,,,,6,150,5,0,0,0,1,1,0,0,0,0,0,0,0,0,1,0,0,1,3,0,0,,,,,
0x1d6,,,,,,7,150,5,0,0,0,1,1,0,0,0,0,0,0,0,0,1,0,0,1,3,0,0,,,,,
0x1d7,,,,,,8,150,5,0,0,0,1,1,0,0,0,0,0,0,0,0,1,0,0,1,3,0,0,,,,,
0x1d8,,,,,,9,150,5,0,0,0,1,1,0,0,0,0,0,0,0,0,1,0,0,1,3,0,0,,,,,
0x1d9,,,,,,10,150,5,0,0,0,1,1,0,0,0,0,0,0,0,0,1,0,0,1,3,0,0,,,,,
0x1da,,,,,,12,150,5,0,0,0,1,1,0,0,0,0,0,0,0,0,1,0,0,1,3,0,0,,,,,
0x1db,,,,,,13,150,5,0,0,0,1,1,0,0,0,0,0,0,0,0,1,0,0,1,3,0,0,,,,,
0x1dc,,,,,,14,150,5,0,0,0,1,1,0,0,0,0,0,0,0,0,1,0,0,1,3,0,0,,,,,
0x1dd,,,,,,0,0,0,0,0,6,1,1,0,0,0,0,0,0,0,0,0,0,0,1,0,0,0,,,,,
0x1de,,,,,,1,0,0,0,0,6,1,1,0,0,0,0,0,0,0,0,0,0,0,1,0,0,0,,,,,
0x1df,,,,,,2,0,0,0,0,6,1,1,0,0,0,0,0,0,0,0,0,0,0,1,0,0,0,,,,,
0x1e0,,,,,,3,0,0,0,0,6,1,1,0,0,0,0,0,0,0,0,0,0,0,1,0,0,0,,,,,
0x1e1,,,,,,4,0,0,0,0,6,1,1,0,0,0,0,0,0,0,0,0,0,0,1,0,0,0,,,,,
0x1e2,,,,,,5,0,0,0,0,6,1,1,0,0,0,0,0,0,0,0,0,0,0,1,0,0,0,,,,,
0x1e3,,,,,,6,0,0,0,0,6,1,1,0,0,0,0,0,0,0,0,0,0,0,1,0,0,0,,,,,
0x1e4,,,,,,7,0,0,0,0,6,1,1,0,0,0,0,0,0,0,0,0,0,0,1,0,0,0,,,,,
0x1e5,,,,,,8,0,0,0,0,6,1,1,0,0,0,0,0,0,0,0,0,0,0,1,0,0,0,,,,,
0x1e6,,,,,,9,0,0,0,0,6,1,1,0,0,0,0,0,0,0,0,0,0,0,1,0,0,0,,,,,
0x1e7,,,,,,11,0,0,0,0,6,1,1,0,0,0,0,0,0,0,0,0,0,0,1,0,0,0,,,,,
0x1e8,,,,,,12,0,0,0,0,6,1,1,0,0,0,0,0,0,0,0,0,0,0,1,0,0,0,,,,,
0x1e9,,,,,,13,0,0,0,0,6,1,1,0,0,0,0,0,0,0,0,0,0,0,1,0,0,0,,,,,
0x1ea,,,,,,14,0,0,0,0,6,1,1,0,0,0,0,0,0,0,0,0,0,0,1,0,0,0,,,,,
0x1eb,,,,,,15,0,0,0,0,6,1,1,0,0,0,0,0,0,0,0,0,0,0,1,0,0,0,,,,,
0x1ec,,,,,,0,0,0,0,0,7,1,1,0,0,0,0,0,0,0,0,0,0,0,1,0,1,0,,,,,
0x1ed,,,,,,1,0,0,0,0,7,1,1,0,0,0,0,0,0,0,0,0,0,0,1,0,1,0,,,,,
0x1ee,,,,,,2,0,0,0,0,7,1,1,0,0,0,0,0,0,0,0,0,0,0,1,0,1,0,,,,,
0x1ef,,,,,,4,0,0,0,0,7,1,1,0,0,0,0,0,0,0,0,0,0,0,1,0,1,0,,,,,
0x1f0,,,,,,5,0,0,0,0,7,1,1,0,0,0,0,0,0,0,0,0,0,0,1,0,1,0,,,,,
0x1f1,,,,,,6,0,0,0,0,7,1,1,0,0,0,0,0,0,0,0,0,0,0,1,0,1,0,,,,,
0x1f2,,,,,,7,0,0,0,0,7,1,1,0,0,0,0,0,0,0,0,0,0,0,1,0,1,0,,,,,
0x1f3,,,,,,9,0,0,0,0,7,1,1,0,0,0,0,0,0,0,0,0,0,0,1,0,1,0,,,,,
0x1f4,,,,,,10,0,0,0,0,7,1,1,0,0,0,0,0,0,0,0,0,0,0,1,0,1,0,,,,,
0x1f5,,,,,,11,0,0,0,0,7,1,1,0,0,0,0,0,0,0,0,0,0,0,1,0,1,0,,,,,
0x1f6,,,,,,12,0,0,0,0,7,1,1,0,0,0,0,0,0,0,0,0,0,0,1,0,1,0,,,,,
0x1f7,,,,,,13,0,0,0,0,7,1,1,0,0,0,0,0,0,0,0,0,0,0,1,0,1,0,,,,,
0x1f8,,,,,,14,0,0,0,0,7,1,1,0,0,0,0,0,0,0,0,0,0,0,1,0,1,0,,,,,
0x1f9,,,,,,15,0,0,0,0,7,1,1,0,0,0,0,0,0,0,0,0,0,0,1,0,1,0,,,,,
0x1fa,,,,,,0,136,5,1,0,0,0,0,1,0,0,0,0,0,0,0,0,0,0,1,0,0,0,,,,,
0x1fb,,,,,,1,136,5,1,0,0,0,0,1,0,0,0,0,0,0,0,0,0,0,1,0,0,0,,,,,
0x1fc,,,,,,2,136,5,1,0,0,0,0,1,0,0,0,0,0,0,0,0,0,0,1,0,0,0,,,,,
0x1fd,,,,,,3,136,5,1,0,0,0,0,1,0,0,0,0,0,0,0,0,0,0,1,0,0,0,,,,,
0x1fe,,,,,,5,136,5,1,0,0,0,0,1,0,0,0,0,0,0,0,0,0,0,1,0,0,0,,,,,
0x1ff,,,,,,6,136,5,1,0,0,0,0,1,0,0,0,0,0,0,0,0,0,0,1,0,0,0,,,,,
0x200,,,,,,0,150,1,1,0,0,1,1,1,0,0,0,0,0,0,0,0,0,0,1,0,0,0,,,,,
0x201,,,,,,0,150,4,1,0,0,1,1,1,0,0,0,0,0,0,0,0,0,0,1,0,0,0,,,,,
0x202,,,,,,0,150,9,0,0,0,1,1,1,0,0,0,0,0,0,0,0,0,0,1,0,0,0,,,,,
0x203,,,,,,0,150,6,0,0,0,1,1,1,0,0,0,0,0,0,0,0,0,0,1,0,0,0,,,,,
0x204,,,,,,0,150,3,1,0,0,1,1,1,0,0,0,0,0,0,0,0,0,0,1,0,0,0,,,,,
0x205,,,,,,0,150,12,1,0,0,1,1,1,0,0,0,0,0,0,0,0,0,0,1,0,0,0,,,,,
0x206,,,,,,0,150,1,0,0,0,1,1,1,0,0,0,0,0,0,0,0,0,0,1,0,0,0,,,,,
0x207,,,,,,0,150,4,0,0,0,1,1,1,0,0,0,0,0,0,0,0,0,0,1,0,0,0,,,,,
0x208,,,,,,0,150,0,0,0,0,1,1,1,0,0,0,0,0,0,0,0,0,0,1,0,0,0,,,,,
0x209,,,,,,0,150,0,1,0,0,1,1,1,0,0,0,0,0,0,0,0,0,0,1,0,0,0,,,,,
0x20a,,,,,,0,150,10,1,0,0,1,1,1,0,0,0,0,0,0,0,0,0,0,1,0,0,0,,,,,
0x20b,,,,,,0,150,10,0,0,0,1,1,1,0,0,0,0,0,0,0,0,0,0,1,0,0,0,,,,,
0x20c,,,,,,0,150,7,0,0,0,1,1,1,0,0,0,0,0,0,0,0,0,0,1,0,0,0,,,,,
0x20d,,,,,,0,150,13,0,0,0,1,1,1,0,0,0,0,0,0,0,0,0,0,1,0,0,0,,,,,
0x20e,,,,,,0,105,4,1,0,0,1,1,1,0,0,0,0,0,0,0,0,0,0,1,0,0,0,,,,,
0x20f,,,,,,0,105,4,1,0,0,1,1,1,0,0,0,0,0,0,0,0,0,0,1,0,0,0,,,,,
0x210,,,,,,0,105,5,1,0,0,1,1,1,0,0,0,0,0,0,0,0,0,0,1,0,0,0,,,,,
0x211,,,,,,0,105,5,1,0,0,1,1,1,0,0,0,0,0,0,0,0,0,0,1,0,0,0,,,,,
0x212,,,,,,0,105,12,1,0,0,1,1,1,0,0,0,0,0,0,0,0,0,0,1,0,0,0,,,,,
0x213,,,,,,0,105,12,1,0,0,1,1,1,0,0,0,0,0,0,0,0,0,0,1,0,0,0,,,,,
0x214,,,,,,0,0,5,1,0,0,1,1,1,0,0,0,0,0,0,0,0,0,0,1,0,0,0,,,,,
0x215,,,,,,0,255,5,1,0,0,1,1,1,0,0,0,0,0,0,0,0,0,0,1,0,0,0,,,,,
0x216,,,,,,0,170,5,1,0,0,1,1,1,0,0,0,0,0,0,0,0,0,0,1,0,0,0,,,,,
0x217,,,,,,0,85,5,1,0,0,1,1,1,0,0,0,0,0,0,0,0,0,0,1,0,0,0,,,,,
0x218,,,,,,0,204,5,1,0,0,1,1,1,0,0,0,0,0,0,0,0,0,0,1,0,0,0,,,,,
0x219,,,,,,0,51,5,1,0,0,1,1,1,0,0,0,0,0,0,0,0,0,0,1,0,0,0,,,,,
0x21a,,,,,,0,240,5,1,0,0,1,1,1,0,0,0,0,0,0,0,0,0,0,1,0,0,0,,,,,
0x21b,,,,,,0,15,5,1,0,0,1,1,1,0,0,0,0,0,0,0,0,0,0,1,0,0,0,,,,,
0x21c,,,,,,0,136,5,1,0,0,1,1,1,0,0,0,0,0,0,0,0,0,0,1,0,0,0,,,,,
0x21d,,,,,,0,238,5,1,0,0,1,1,1,0,0,0,0,0,0,0,0,0,0,1,0,0,0,,,,,
0x21e,,,,,,0,119,5,1,0,0,1,1,1,0,0,0,0,0,0,0,0,0,0,1,0,0,0,,,,,
0x21f,,,,,,0,17,5,1,0,0,1,1,1,0,0,0,0,0,0,0,0,0,0,1,0,0,0,,,,,
0x220,,,,,,0,102,5,1,0,0,1,1,1,0,0,0,0,0,0,0,0,0,0,1,0,0,0,,,,,
0x221,,,,,,0,153,5,1,0,0,1,1,1,0,0,0,0,0,0,0,0,0,0,1,0,0,0,,,,,
0x222,,,,,,0,160,5,1,0,0,1,1,1,0,0,0,0,0,0,0,0,0,0,1,0,0,0,,,,,
0x223,,,,,,0,250,5,1,0,0,1,1,1,0,0,0,0,0,0,0,0,0,0,1,0,0,0,,,,,
0x224,,,,,,0,95,5,1,0,0,1,1,1,0,0,0,0,0,0,0,0,0,0,1,0,0,0,,,,,
0x225,,,,,,0,5,5,1,0,0,1,1,1,0,0,0,0,0,0,0,0,0,0,1,0,0,0,,,,,
0x226,,,,,,0,90,5,1,0,0,1,1,1,0,0,0,0,0,0,0,0,0,0,1,0,0,0,,,,,
0x227,,,,,,0,165,5,1,0,0,1,1,1,0,0,0,0,0,0,0,0,0,0,1,0,0,0,,,,,
0x228,,,,,,0,192,5,1,0,0,1,1,1,0,0,0,0,0,0,0,0,0,0,1,0,0,0,,,,,
0x229,,,,,,0,252,5,1,0,0,1,1,1,0,0,0,0,0,0,0,0,0,0,1,0,0,0,,,,,
0x22a,,,,,,0,63,5,1,0,0,1,1,1,0,0,0,0,0,0,0,0,0,0,1,0,0,0,,,,,
0x22b,,,,,,0,3,5,1,0,0,1,1,1,0,0,0,0,0,0,0,0,0,0,1,0,0,0,,,,,
0x22c,,,,,,0,60,5,1,0,0,1,1,1,0,0,0,0,0,0,0,0,0,0,1,0,0,0,,,,,
0x22d,,,,,,0,195,5,1,0,0,1,1,1,0,0,0,0,0,0,0,0,0,0,1,0,0,0,,,,,
0x22e,,,,,,0,34,5,1,0,0,1,1,1,0,0,0,0,0,0,0,0,0,0,1,0,0,0,,,,,
0x22f,,,,,,0,68,5,1,0,0,1,1,1,0,0,0,0,0,0,0,0,0,0,1,0,0,0,,,,,
0x230,,,,,,0,187,5,1,0,0,1,1,1,0,0,0,0,0,0,0,0,0,0,1,0,0,0,,,,,
0x231,,,,,,0,10,5,1,0,0,1,1,1,0,0,0,0,0,0,0,0,0,0,1,0,0,0,,,,,
0x232,,,,,,0,80,5,1,0,0,1,1,1,0,0,0,0,0,0,0,0,0,0,1,0,0,0,,,,,
0x233,,,,,,0,175,5,1,0,0,1,1,1,0,0,0,0,0,0,0,0,0,0,1,0,0,0,,,,,
0x234,,,,,,0,12,5,1,0,0,1,1,1,0,0,0,0,0,0,0,0,0,0,1,0,0,0,,,,,
0x235,,,,,,0,48,5,1,0,0,1,1,1,0,0,0,0,0,0,0,0,0,0,1,0,0,0,,,,,
0x236,,,,,,0,207,5,1,0,0,1,1,1,0,0,0,0,0,0,0,0,0,0,1,0,0,0,,,,,
0x237,,,,,,0,128,5,1,0,0,1,1,1,0,0,0,0,0,0,0,0,0,0,1,0,0,0,,,,,
0x238,,,,,,0,254,5,1,0,0,1,1,1,0,0,0,0,0,0,0,0,0,0,1,0,0,0,,,,,
0x239,,,,,,0,127,5,1,0,0,1,1,1,0,0,0,0,0,0,0,0,0,0,1,0,0,0,,,,,
0x23a,,,,,,0,1,5,1,0,0,1,1,1,0,0,0,0,0,0,0,0,0,0,1,0,0,0,,,,,
0x23b,,,,,,0,150,5,1,0,0,1,1,1,0,0,0,0,0,0,0,0,0,0,1,0,0,0,,,,,
0x23c,,,,,,0,105,5,1,0,0,1,1,1,0,0,0,0,0,0,0,0,0,0,1,0,0,0,,,,,
0x23d,,,,,,0,232,5,1,0,0,1,1,1,0,0,0,0,0,0,0,0,0,0,1,0,0,0,,,,,
0x23e,,,,,,0,23,5,1,0,0,1,1,1,0,0,0,0,0,0,0,0,0,0,1,0,0,0,,,,,
0x23f,,,,,,0,202,5,1,0,0,1,1,1,0,0,0,0,0,0,0,0,0,0,1,0,0,0,,,,,
0x240,,,,,,0,226,5,1,0,0,1,1,1,0,0,0,0,0,0,0,0,0,0,1,0,0,0,,,,,
0x241,,,,,,0,228,5,1,0,0,1,1,1,0,0,0,0,0,0,0,0,0,0,1,0,0,0,,,,,
0x242,,,,,,0,234,5,1,0,0,1,1,1,0,0,0,0,0,0,0,0,0,0,1,0,0,0,,,,,
0x243,,,,,,0,236,5,1,0,0,1,1,1,0,0,0,0,0,0,0,0,0,0,1,0,0,0,,,,,
0x244,,,,,,0,248,5,1,0,0,1,1,1,0,0,0,0,0,0,0,0,0,0,1,0,0,0,,,,,
0x245,,,,,,0,168,5,1,0,0,1,1,1,0,0,0,0,0,0,0,0,0,0,1,0,0,0,,,,,
0x246,,,,,,0,200,5,1,0,0,1,1,1,0,0,0,0,0,0,0,0,0,0,1,0,0,0,,,,,
0x247,,,,,,0,224,5,1,0,0,1,1,1,0,0,0,0,0,0,0,0,0,0,1,0,0,0,,,,,
0x248,,,,,,0,21,5,1,0,0,1,1,1,0,0,0,0,0,0,0,0,0,0,1,0,0,0,,,,,
0x249,,,,,,0,19,5,1,0,0,1,1,1,0,0,0,0,0,0,0,0,0,0,1,0,0,0,,,,,
0x24a,,,,,,0,7,5,1,0,0,1,1,1,0,0,0,0,0,0,0,0,0,0,1,0,0,0,,,,,
0x24b,,,,,,0,87,5,1,0,0,1,1,1,0,0,0,0,0,0,0,0,0,0,1,0,0,0,,,,,
0x24c,,,,,,0,55,5,1,0,0,1,1,1,0,0,0,0,0,0,0,0,0,0,1,0,0,0,,,,,
0x24d,,,,,,0,31,5,1,0,0,1,1,1,0,0,0,0,0,0,0,0,0,0,1,0,0,0,,,,,
0x300,,,,,,8,150,5,0,0,0,1,1,1,0,0,0,0,0,0,0,0,0,0,1,0,0,0,,,,,
0x301,,,,,,8,0,0,0,0,6,1,1,0,0,0,0,0,0,0,0,0,0,0,1,0,0,0,,,,,
0x302,,,,,,3,150,5,0,0,0,1,1,1,0,0,0,0,0,0,0,0,0,0,1,0,0,0,,,,,
0x303,,,,,,7,238,5,1,0,0,1,1,1,0,0,0,0,0,0,0,0,0,0,1,0,0,0,,,,,
0x304,,,,,,7,136,5,1,0,0,1,1,1,0,0,0,0,0,0,0,0,0,0,1,0,0,0,,,,,
0x305,,,,,,7,102,5,1,0,0,1,1,1,0,0,0,0,0,0,0,0,0,0,1,0,0,0,,,,,
0x310,,,,,,8,0,0,0,0,3,1,1,0,1,0,0,0,0,0,0,0,0,0,2,1,0,0,,,,,
0x311,,,,,,8,0,0,0,0,3,1,1,0,1,0,2,0,0,0,0,0,0,0,2,1,0,0,,,,,
0x312,,,,,,8,0,0,0,0,3,1,1,0,1,0,0,0,0,0,0,0,0,0,2,1,0,0,,,,,
0x313,,,,,,8,0,0,0,0,3,1,1,0,1,0,3,0,0,0,0,0,0,0,2,1,0,0,,,,,
0x314,,,,,,8,0,0,0,0,0,0,0,0,0,0,0,0,0,0,0,0,0,0,1,0,0,0,,,,,
0x318,,,,,,8,0,0,0,0,0,0,0,0,0,1,0,0,0,0,0,0,0,0,2,1,0,0,,,,,
0x319,,,,,,8,0,0,0,0,0,0,0,0,0,1,3,0,0,0,0,0,0,0,2,1,0,0,,,,,
0x31a,,,,,,8,0,0,0,0,0,0,0,0,0,1,1,0,0,0,0,0,0,0,2,1,0,0,,,,,
0x31b,,,,,,8,0,0,0,0,0,0,0,0,0,0,0,0,0,0,0,0,0,0,1,0,0,0,,,,,
0x320,,,,,,8,0,0,0,0,6,1,1,0,0,0,0,0,0,0,0,0,0,0,1,0,0,0,,,,,
0x321,,,,,,3,150,5,0,0,0,1,1,1,0,0,0,0,0,0,0,0,0,0,1,0,0,0,,,,,
0x322,,,,,,0,0,0,0,0,3,1,1,0,1,0,0,0,0,0,0,0,0,0,2,1,0,0,,,,,
0x323,,,,,,0,0,0,0,0,3,1,1,0,1,0,1,0,0,0,0,0,0,0,2,1,0,0,,,,,
0x330,,,,,,1,0,0,0,0,3,1,1,0,1,0,0,0,0,0,0,0,0,0,2,1,0,0,,,,,
0x331,,,,,,1,0,0,0,0,0,0,0,0,0,1,0,0,0,0,0,0,0,0,2,1,0,0,,,,,
0x332,,,,,,1,150,5,0,0,0,1,1,1,0,0,0,0,0,0,0,0,0,0,1,0,0,0,,,,,
0x333,,,,,,1,150,13,1,0,0,1,1,1,0,0,0,0,0,0,0,0,0,0,1,0,0,0,,,,,
0x340,,,,,,7,0,0,0,0,0,0,0,0,0,0,0,0,0,0,0,0,0,0,1,0,0,0,,,,,
0x341,,,,,,13,0,0,0,0,0,0,0,0,0,0,0,0,0,0,0,0,0,0,1,0,0,0,,,,,
0x342,,,,,,13,0,0,0,0,0,0,0,0,0,0,0,0,0,0,0,0,0,0,1,0,0,0,,,,,
0x343,,,,,,12,0,0,0,0,0,0,0,0,0,0,0,0,0,0,0,0,0,0,1,0,0,0,,,,,
0x344,,,,,,12,0,0,0,0,0,0,0,0,0,0,0,0,0,0,0,0,0,0,1,0,0,0,,,,,
0x350,,,,,,0,0,0,0,0,0,0,0,0,0,0,0,0,0,0,0,0,0,0,1,0,0,0,,,,,
0x351,,,,,,0,0,0,0,0,0,0,0,0,0,0,0,0,0,0,0,0,0,0,1,0,0,0,,,,,
0x352,,,,,,0,0,0,0,0,0,0,0,0,0,0,0,0,0,0,0,0,0,0,1,0,0,0,,,,,
0x360,,,,,,1,0,0,0,0,0,0,0,0,0,0,0,0,0,0,0,0,0,0,1,0,0,0,,,,,
0x361,,,,,,0,0,0,0,0,0,0,0,0,0,0,0,0,0,0,0,0,0,0,1,0,0,0,,,,,
0x362,,,,,,0,0,0,0,0,0,0,0,0,0,0,0,0,0,0,0,0,0,0,1,0,0,0,,,,,
0x363,,,,,,0,0,0,0,0,0,0,0,0,0,0,0,0,0,0,0,0,0,0,1,0,0,0,,,,,
0x364,,,,,,0,0,0,0,0,0,0,0,0,0,0,0,0,0,0,0,0,0,0,1,0,0,0,,,,,
0x365,,,,,,0,0,0,0,0,0,0,0,0,0,0,0,0,0,0,0,0,0,0,1,0,0,0,,,,,
0x370,,,,,,0,0,0,0,0,0,0,0,0,0,0,0,0,0,0,0,0,0,0,1,0,0,0,,,,,
0x371,,,,,,0,0,0,0,0,0,0,0,0,0,0,0,0,0,0,0,0,0,0,1,0,0,0,,,,,
0x372,,,,,,0,0,0,0,0,0,0,0,0,0,0,0,0,0,0,0,0,0,0,1,0,0,0,,,,,
0x373,,,,,,0,0,0,0,0,0,0,0,0,0,0,0,0,0,0,0,0,0,0,1,0,0,0,,,,,
0x374,,,,,,0,0,0,0,0,0,0,0,0,0,0,0,0,0,0,0,0,0,0,1,0,0,0,,,,,
0x375,,,,,,0,0,0,0,0,0,0,0,0,0,0,0,0,0,0,0,0,0,0,1,0,0,0,,,,,
0x376,,,,,,0,0,0,0,0,0,0,0,0,0,0,0,0,0,0,0,0,0,0,1,0,0,0,,,,,
0x377,,,,,,0,0,0,0,0,0,0,0,0,0,0,0,0,0,0,0,0,0,0,1,0,0,0,,,,,
0x3ff,,,,,,0,0,0,0,0,0,0,0,0,0,0,0,0,0,0,0,0,0,0,1,0,0,0,,,,,
